report,corrected_yr
18381_Moore-McKenney-Whitmore Islands ER_PS.pdf,2003
1069_Canaveral_National_Seashore.pdf,2015
11111518_Olympic_NP.pdf,2006
555586991_Ebeys Landing.pdf,2009
18325_Byers-Conroy-Harvey-Sinnett Islands ER_PS.pdf,2003
61706_DryTortugas_NP.pdf,2000
555586968_Salt Ponds Region.pdf,1999
555586803_Narrow River_SAMP_new.pdf,1999
198330_Tubbataha_Reefs_Natural_Park.pdf,2010
315060_Grays Harbor.pdf,2015
67052_Raft Cove Provincial Park_MP.pdf,1993
13102_Garden Bay Provincial Park_MP.pdf,2005
555556988_Fal_and_Helford.pdf,2005
555586881_Delaware NERR_Mgmt Plan.pdf,2012
4444409_JELA.pdf,1995
198306_Great_sandy_region.pdf,2005
122900_Florida Keys2.pdf,1996
666619_LowerSuwannee_CedarKeys_FinalCCP.pdf,2000
95318_Bowling_green_bay_national_park.pdf,2000
18394_oakbay_ps.pdf,2003
555535918_Carmarthen_Bay_Dunes_Twyni_Bae_Caerfyrddin.pdf,2008
555557060_Limestone_Coast_of_South_West_Wales_Arfordir_Calchfaen_de_Orllewin_Cymru.pdf,2008
555586805_management plan_final.pdf,2009
65371_Rathtrevor Beach_MP.pdf,1987
555624224_Molinier-Beausejour.pdf,2014
555556766_Bikini Atoll Conservation Management Plan Jan 21 2010.pdf,2010
68276_The_Wash_and_North_Norfolk_Coast.pdf,2001
555544114_Aransas.pdf,2009
555586763_BigBoggy_Texas Mid_Coast.pdf,2012
2941_DonEdwardsSFB_NWR.pdf,2012
555557183_Strangford Lough_new.pdf,2003
